payment_key,coustomer_key,time_key,item_key,store_key,quantity,unit,unit_price,total_price
P026,C004510,T049189,I00177,S00307,1,ct,35,35
P022,C008967,T041209,I00248,S00595,1,rolls,26,26
P030,C007261,T03633,I00195,S00496,8,ct,12.5,100
P032,C007048,T084631,I00131,S0086,8,ct,14,112
P014,C006430,T071276,I00050,S00488,8,cans,8,64
P006,C007574,T026950,I00058,S00328,5,bottles,22,110
P023,C005695,T096704,I00075,S00196,2,cans,15.5,31
P027,C008728,T010756,I00188,S0010,1,ct,14,14
P025,C002764,T017598,I00017,S00164,11,cans,6.75,74.25
P019,C003128,T048812,I00133,S00640,10,ct,15,150
P018,C006613,T078755,I00065,S00540,8,bottles,20,160
P030,C009139,T037206,I00023,S0032,10,cans,6.75,67.5
P003,C000849,T045267,I00237,S00631,3,ct,16,48
P016,C005138,T017837,I00082,S0035,6,ct,15,90
P011,C000136,T074844,I00163,S00158,3,bags,15,45
P015,C007305,T06087,I00091,S00455,2,bottles,7.5,15
P018,C006779,T097274,I00125,S0071,9,ct,15,135
P013,C004337,T069004,I00155,S00616,9,bags,17,153
P001,C007044,T049755,I00017,S00423,7,cans,6.75,47.25
P028,C004437,T088776,I00153,S00608,4,bags,15,60
P003,C006330,T081360,I00047,S00628,4,cans,8,32
P019,C004953,T064303,I00125,S00197,7,ct,15,105
P020,C009102,T034213,I00078,S00172,8,bottles,17,136
P028,C001667,T03431,I00113,S00319,1,ct,42,42
P010,C003131,T072373,I00079,S00462,10,bottles,17,170
P011,C000117,T016070,I00248,S00460,2,rolls,26,52
P026,C008372,T011517,I00111,S00410,8,ct,16,128
P028,C000587,T098189,I00066,S00142,1,bottles,20,20
P012,C002814,T095863,I00108,S00563,2,oz,15,30
P017,C006599,T01535,I00077,S00317,11,cans,6.75,74.25
P033,C004506,T034740,I00103,S0090,6,tubs,15,90
P016,C003012,T066927,I00218,S00395,3,ct,6,18
P006,C002416,T016376,I00132,S0060,6,ct,14,84
P029,C004635,T058922,I00246,S0037,3,ct,20,60
P001,C002106,T084934,I00120,S00676,11,ct,9,99
P026,C002014,T075762,I00068,S00709,5,bottles,20,100
P036,C006673,T067888,I00018,S00547,1,cans,6.75,6.75
P020,C003551,T064445,I00033,S00343,7,cans,16,112
P021,C004163,T04044,I00123,S0079,6,ct,45,270
P033,C008636,T086840,I00204,S00643,5,ct,17,85
P002,C006607,T096401,I00097,S00293,11,cartons,19,209
P035,C004785,T027401,I00212,S00716,5,ct,12,60
P030,C007584,T097121,I00066,S00164,1,bottles,20,20
P028,C000794,T061460,I00003,S00604,8,cans,6.75,54
P006,C006515,T070970,I00226,S00582,4,lb,15,60
P024,C006654,T094539,I00236,S00169,10,tins,12,120
P029,C004238,T043327,I00192,S0043,3,ct,24,72
P028,C005911,T047958,I00007,S00105,1,cans,6.75,6.75
P035,C002711,T099187,I00007,S00291,10,cans,6.75,67.5
P020,C002588,T067143,I00156,S00416,4,bags,17,68
P012,C001376,T095018,I00240,S00483,9,ct,14,126
P032,C005655,T013343,I00028,S0040,3,cans,6.75,20.25
P037,C000616,T046239,I00155,S00704,9,bags,17,153
P029,C006210,T012085,I00237,S00389,11,ct,16,176
P014,C005781,T089241,I00037,S00362,7,cans,16,112
P033,C000769,T048488,I00123,S00716,2,ct,45,90
P006,C005135,T012987,I00109,S00630,3,oz,17,51
P003,C001614,T073649,I00121,S00518,9,ct,17,153
P004,C007507,T099848,I00137,S00591,1,ct,24,24
P032,C005973,T035211,I00071,S00143,3,bottles,17.5,52.5
P037,C009137,T052586,I00106,S00378,3,oz,17,51
P002,C001890,T04692,I00073,S00257,11,bottles,20,220
P032,C005857,T079642,I00261,S00558,9,ct,33,297
P029,C001213,T088078,I00111,S00485,3,ct,16,48
P015,C008426,T075777,I00215,S00537,7,ct.,14,98
P028,C005265,T084200,I00010,S0045,3,cans,6.75,20.25
P011,C007155,T015488,I00247,S00372,8,oz,15,120
P017,C008945,T091863,I00008,S00715,2,cans,16.25,32.5
P010,C006321,T075495,I00256,S00455,8,pack,20,160
P002,C000850,T023269,I00129,S00355,11,pk,18,198
P006,C006253,T038332,I00056,S00206,4,bottles,24,96
P001,C001743,T080396,I00230,S00660,7,pk,15,105
P028,C004020,T038853,I00218,S00250,11,ct,6,66
P014,C006064,T086284,I00080,S00670,10,bottles,22,220
P026,C007452,T04952,I00066,S00382,10,bottles,20,200
P015,C001606,T086625,I00262,S00601,4,ct,14,56
P027,C005146,T047358,I00078,S0007,4,bottles,17,68
P025,C004369,T046539,I00125,S00680,11,ct,15,165
P036,C000367,T038514,I00008,S00454,3,cans,16.25,48.75
P022,C000687,T072412,I00151,S00500,8,bags,17,136
P030,C007347,T07448,I00254,S00652,7,oz,13,91
P030,C004023,T093578,I00189,S00359,1,ct.,13,13
P026,C008650,T031242,I00064,S00234,8,cans,40,320
P004,C007983,T064100,I00228,S00581,4,pk,14,56
P038,C009083,T065828,I00033,S00113,6,cans,16,96
P035,C002504,T084697,I00107,S0004,8,oz,20,160
P022,C006203,T056597,I00229,S00636,2,ct,13,26
P017,C001921,T058671,I00189,S00435,5,ct.,13,65
P021,C007064,T035360,I00138,S00267,7,ct,32,224
P037,C001108,T012049,I00017,S00240,10,cans,6.75,67.5
P013,C006657,T058776,I00044,S00628,1,cans,8,8
P025,C006206,T087559,I00007,S00312,6,cans,6.75,40.5
P034,C008525,T054312,I00146,S00670,5,ct,21,105
P001,C005322,T090099,I00213,S00381,6,ct,12,72
P029,C009017,T035589,I00243,S00698,1,oz,16,16
P034,C003121,T038507,I00069,S00340,2,bottles,17.5,35
P018,C004972,T045622,I00216,S00264,11,ct,16.5,181.5
P013,C007493,T028965,I00151,S00123,8,bags,17,136
P001,C007851,T018452,I00098,S00664,10,oz,10,100
P016,C004867,T063981,I00079,S00271,4,bottles,17,68
P032,C000893,T036720,I00144,S00147,4,ct,20,80
P008,C002529,T06611,I00068,S0049,1,bottles,20,20
P005,C008597,T04776,I00186,S00282,8,ct,13,104
P026,C004165,T018323,I00060,S00566,7,bottles,22,154
P018,C007895,T041053,I00192,S00107,9,ct,24,216
P037,C006255,T053308,I00092,S00289,8,bottles,10,80
P026,C000553,T078183,I00223,S00551,1,ct,13.5,13.5
P003,C008077,T023535,I00216,S00495,3,ct,16.5,49.5
P032,C005936,T057062,I00048,S00429,3,cans,8,24
P005,C000180,T033556,I00083,S00159,5,bottles,14,70
P008,C001090,T059539,I00250,S00133,10,pack,19.5,195
P020,C006813,T067589,I00236,S00705,11,tins,12,132
P018,C007874,T096180,I00084,S00703,3,bottles,18,54
P015,C007479,T054398,I00096,S00530,11,bottles,20,220
P017,C005106,T046729,I00144,S00447,7,ct,20,140
P011,C007116,T07168,I00255,S00414,2,pack,20,40
P024,C003706,T022229,I00219,S00440,8,ct,22,176
P027,C004751,T060647,I00238,S00705,11,ct,12,132
P035,C002036,T046246,I00221,S00378,11,ct,14,154
P014,C004365,T097325,I00150,S00505,10,bags,16,160
P032,C004483,T01568,I00180,S00545,8,ct,19,152
P022,C001600,T073347,I00102,S00469,11,tubs,16,176
P016,C006222,T035980,I00063,S00530,11,cans,40,440
P015,C006521,T085091,I00258,S00239,2,pk,21,42
P032,C000984,T039667,I00126,S00252,5,ct,25,125
P018,C003786,T050797,I00189,S00358,1,ct.,13,13
P020,C006609,T094332,I00250,S00454,11,pack,19.5,214.5
P015,C003761,T069778,I00193,S0014,8,ct,18,144
P006,C000356,T022453,I00198,S0045,1,ct,12,12
P006,C004585,T018609,I00006,S00694,2,cans,16.25,32.5
P003,C000309,T037201,I00213,S00537,5,ct,12,60
P022,C000696,T032934,I00134,S00275,4,ct,16,64
P013,C005792,T089252,I00212,S00159,7,ct,12,84
P034,C008240,T069978,I00075,S00621,6,cans,15.5,93
P022,C006506,T016439,I00073,S00507,8,bottles,20,160
P029,C008485,T050211,I00169,S00433,9,ct,17,153
P030,C001377,T090005,I00253,S00380,5,bags,21,105
P006,C001951,T03982,I00077,S00282,7,cans,6.75,47.25
P010,C000468,T027342,I00042,S00652,5,bottles,28,140
P028,C008169,T027854,I00042,S00434,7,bottles,28,196
P026,C003589,T095881,I00043,S00306,2,bottles,24,48
P011,C004255,T092822,I00060,S00380,5,bottles,22,110
P011,C000265,T092821,I00242,S00274,9,pk,12,108
P021,C000475,T099595,I00198,S00300,6,ct,12,72
P014,C006453,T093060,I00245,S0087,2,rolls,26,52
P021,C004605,T065030,I00133,S00306,3,ct,15,45
P017,C004081,T097295,I00150,S0051,6,bags,16,96
P023,C002750,T068178,I00074,S00615,7,bottles,20,140
P022,C004401,T085077,I00227,S00426,2,pk,15,30
P034,C008525,T020322,I00247,S00194,4,oz,15,60
P009,C002110,T017049,I00126,S00142,3,ct,25,75
P031,C007170,T062404,I00241,S00322,10,ct,12,120
P012,C001647,T059671,I00042,S00342,2,bottles,28,56
P018,C009083,T063522,I00232,S0042,8,ct,12,96
P024,C009085,T077489,I00180,S00467,2,ct,19,38
P028,C003950,T089335,I00250,S00312,5,pack,19.5,97.5
P006,C007980,T022421,I00024,S00677,2,cans,16.25,32.5
P025,C005512,T072405,I00125,S00127,11,ct,15,165
P032,C005690,T04866,I00262,S00461,2,ct,14,28
P019,C005423,T081628,I00246,S00205,1,ct,20,20
P002,C007461,T016602,I00232,S00178,7,ct,12,84
P002,C005548,T057813,I00101,S00357,2,tubs,15,30
P020,C009187,T080308,I00121,S00394,2,ct,17,34
P021,C007335,T051185,I00082,S00566,1,ct,15,15
P034,C002760,T084238,I00064,S00582,4,cans,40,160
P011,C006111,T05728,I00108,S00377,4,oz,15,60
P033,C000827,T075378,I00107,S00648,6,oz,20,120
P025,C000247,T019329,I00096,S00389,3,bottles,20,60
P003,C005046,T033517,I00198,S00662,7,ct,12,84
P013,C005367,T013761,I00171,S00243,4,ct,16,64
P007,C007465,T054055,I00035,S00474,8,cans,16,128
P012,C004321,T038449,I00150,S00288,9,bags,16,144
P026,C008394,T013267,I00029,S00242,8,cans,11.5,92
P039,C004333,T087002,I00136,S00347,8,ct,19.5,156
P001,C008928,T080527,I00091,S00450,11,bottles,7.5,82.5
P021,C008992,T099538,I00125,S0055,3,ct,15,45
P020,C008381,T068587,I00073,S00543,5,bottles,20,100
P021,C005131,T099005,I00163,S00239,6,bags,15,90
P039,C006179,T074779,I00137,S00544,9,ct,24,216
P014,C005302,T049751,I00113,S00378,10,ct,42,420
P014,C006607,T086204,I00106,S00608,2,oz,17,34
P025,C007110,T021185,I00170,S00473,6,ct.,15,90
P010,C006397,T020301,I00181,S00460,8,ct,26,208
P005,C001432,T026282,I00140,S00177,4,ct,29,116
P025,C000360,T03072,I00020,S00367,9,cans,6.75,60.75
P002,C002796,T068914,I00166,S00624,6,bags,17,102
P032,C005519,T050958,I00167,S00549,3,ct,14,42
P004,C003460,T025941,I00098,S0034,4,oz,10,40
P006,C005672,T044432,I00122,S00248,6,ct,15,90
P034,C007281,T083858,I00257,S00451,4,ct,21,84
P038,C008944,T07376,I00028,S00505,4,cans,6.75,27
P032,C007426,T045335,I00144,S00670,3,ct,20,60
P024,C004033,T068656,I00055,S00515,10,cans,40,400
P025,C007308,T065074,I00257,S00362,4,ct,21,84
P005,C008308,T027450,I00044,S00214,11,cans,8,88
P009,C000369,T038151,I00094,S00148,6,bottles,11,66
P033,C002064,T010382,I00255,S00540,6,pack,20,120
P010,C007492,T037984,I00034,S00680,9,cans,16,144
P008,C000758,T027289,I00233,S0002,8,ct,12,96
P021,C004895,T071088,I00009,S00501,7,cans,16.25,113.75
P031,C006846,T00278,I00235,S00479,9,ct,14,126
P039,C007703,T028363,I00252,S00169,6,ct,11,66
P013,C007584,T043743,I00041,S00283,8,bottles,23,184
P038,C001545,T038381,I00058,S0055,6,bottles,22,132
P037,C006072,T085298,I00136,S00276,5,ct,19.5,97.5
P017,C007037,T026396,I00110,S00221,8,oz,22.5,180
P013,C005164,T082585,I00036,S0010,10,cans,16,160
P013,C001344,T051293,I00073,S00630,9,bottles,20,180
P034,C004922,T064798,I00167,S00111,3,ct,14,42
P037,C001275,T032532,I00189,S00601,2,ct.,13,26
P015,C003776,T082823,I00215,S00289,4,ct.,14,56
P012,C000793,T061423,I00063,S00215,6,cans,40,240
P038,C007650,T036396,I00186,S0090,1,ct,13,13
P030,C001380,T022770,I00167,S00336,4,ct,14,56
P036,C007918,T089048,I00126,S00646,10,ct,25,250
P009,C007540,T067515,I00156,S00259,7,bags,17,119
P025,C002403,T035707,I00128,S0059,11,pk,16,176
P009,C008334,T03819,I00255,S00721,4,pack,20,80
P032,C002273,T084158,I00187,S00405,10,ct.,13,130
P035,C003291,T079034,I00076,S0074,5,cans,6.75,33.75
P034,C008759,T022074,I00122,S00509,5,ct,15,75
P024,C007688,T028134,I00183,S00194,11,ct,35,385
P039,C001301,T033815,I00165,S00251,2,bags,16,32
P009,C004865,T044907,I00113,S00353,8,ct,42,336
P016,C000956,T072906,I00213,S00139,2,ct,12,24
P021,C003334,T02647,I00195,S00338,7,ct,12.5,87.5
P026,C007896,T077414,I00061,S00617,7,cans,55,385
P015,C007055,T015735,I00049,S00218,4,cans,8,32
P031,C001641,T010429,I00053,S00167,8,cans,40,320
P003,C004228,T054067,I00179,S00265,4,ct,19,76
P020,C003178,T079891,I00088,S00380,3,bottles,17,51
P033,C000730,T02743,I00045,S00102,5,cans,8,40
P010,C008065,T039330,I00055,S00324,3,cans,40,120
P033,C004292,T020735,I00121,S00694,10,ct,17,170
P003,C008389,T069983,I00068,S00555,3,bottles,20,60
P034,C004994,T077509,I00153,S00238,5,bags,15,75
P033,C004062,T051773,I00089,S0084,10,bottles,9,90
P031,C008732,T072207,I00071,S00659,4,bottles,17.5,70
P033,C004010,T015895,I00194,S00649,10,bars,23,230
P025,C003404,T087793,I00247,S0015,2,oz,15,30
P027,C008558,T024637,I00179,S00559,3,ct,19,57
P033,C004462,T07750,I00014,S0063,1,cans,6.75,6.75
P016,C003760,T037494,I00113,S00126,9,ct,42,378
P016,C002286,T038418,I00197,S00295,5,bars,15,75
P036,C007463,T00022,I00230,S00296,9,pk,15,135
P017,C005848,T087749,I00198,S00399,5,ct,12,60
P021,C003816,T049774,I00067,S00423,8,bottles,8,64
P035,C005041,T040305,I00231,S00256,10,pk,16,160
P011,C005839,T085441,I00241,S00197,7,ct,12,84
P010,C007131,T084462,I00025,S00592,11,cans,11.5,126.5
P023,C003607,T066510,I00033,S00325,10,cans,16,160
P039,C004715,T016438,I00138,S0066,8,ct,32,256
P001,C005378,T090427,I00159,S00143,7,bags,17,119
P013,C003119,T023962,I00116,S00373,8,ct,48,384
P024,C009156,T033041,I00184,S00275,6,ct,12,72
P027,C005784,T056628,I00244,S00269,8,oz,18,144
P030,C004410,T051656,I00201,S00663,6,bars,23,138
P003,C007610,T078656,I00115,S00485,10,ct,53,530
P014,C002237,T010822,I00078,S00336,10,bottles,17,170
P021,C009152,T097386,I00253,S00298,5,bags,21,105
P028,C007931,T010481,I00225,S00384,10,ct,17,170
P029,C007309,T059228,I00145,S00123,1,ct,17,17
P013,C003306,T064295,I00079,S00330,7,bottles,17,119
P023,C000036,T049297,I00071,S00127,5,bottles,17.5,87.5
P023,C008766,T03464,I00050,S00548,11,cans,8,88
P026,C008798,T060606,I00127,S00465,8,pk,12.5,100
P004,C006415,T057106,I00046,S0037,6,cans,8,48
P035,C007020,T052720,I00160,S00569,4,bags,17,68
P017,C002621,T045675,I00146,S00705,3,ct,21,63
P038,C004197,T073428,I00188,S00312,7,ct,14,98
P034,C006096,T058615,I00196,S00103,4,ct,16,64
P020,C004580,T076089,I00219,S00469,5,ct,22,110
P010,C007301,T019203,I00246,S00314,6,ct,20,120
P003,C006052,T045970,I00146,S0003,3,ct,21,63
P027,C003931,T017404,I00120,S00317,4,ct,9,36
P006,C008489,T051421,I00251,S00651,6,oz,13,78
P009,C002433,T040412,I00185,S00617,3,ct,14,42
P005,C006369,T010129,I00092,S00300,1,bottles,10,10
P011,C007357,T010911,I00048,S0092,8,cans,8,64
P006,C006321,T078894,I00232,S00221,4,ct,12,48
P034,C000104,T093684,I00166,S00205,11,bags,17,187
P024,C003452,T061273,I00255,S0091,6,pack,20,120
P022,C007030,T096751,I00005,S00599,5,cans,6.75,33.75
P031,C008553,T021130,I00180,S00654,6,ct,19,114
P011,C009164,T065710,I00059,S00498,11,bottles,22,242
P035,C002790,T076789,I00030,S00485,9,cans,16,144
P036,C000679,T047699,I00247,S00586,1,oz,15,15
P007,C003455,T078842,I00038,S0037,1,bottles,23,23
P026,C000196,T070229,I00023,S00368,9,cans,6.75,60.75
P012,C007134,T092666,I00261,S00402,3,ct,33,99
P008,C000005,T016851,I00105,S00360,6,ct,16.5,99
P038,C007681,T064686,I00187,S00245,5,ct.,13,65
P001,C004646,T023553,I00162,S00180,1,Bags,16,16
P024,C003506,T093723,I00003,S00122,10,cans,6.75,67.5
P016,C003635,T018877,I00230,S00494,1,pk,15,15
P022,C004565,T055051,I00124,S00393,1,ct,15,15
P027,C000111,T076327,I00242,S00162,2,pk,12,24
P022,C005112,T00836,I00236,S00633,3,tins,12,36
P007,C004541,T039796,I00048,S00719,7,cans,8,56
P006,C001890,T016001,I00258,S00716,6,pk,21,126
P007,C008249,T092806,I00123,S00551,9,ct,45,405
P013,C007549,T093438,I00225,S00593,5,ct,17,85
P028,C005685,T05277,I00138,S00247,5,ct,32,160
P002,C001656,T085875,I00003,S00695,5,cans,6.75,33.75
P028,C003956,T014090,I00230,S00610,6,pk,15,90
P035,C003913,T070720,I00225,S00146,7,ct,17,119
P015,C000236,T08358,I00239,S00374,6,pk,14,84
P026,C001625,T083023,I00189,S00677,5,ct.,13,65
P017,C008610,T095386,I00189,S00373,2,ct.,13,26
P028,C001357,T036196,I00097,S00412,3,cartons,19,57
P012,C001865,T070372,I00122,S00362,8,ct,15,120
P025,C002961,T09001,I00033,S00106,1,cans,16,16
P011,C003323,T083040,I00053,S0017,4,cans,40,160
P012,C008344,T050991,I00014,S00137,4,cans,6.75,27
P002,C001377,T058240,I00172,S00462,9,oz,19,171
P020,C005023,T015790,I00180,S00688,9,ct,19,171
P005,C003555,T018787,I00164,S00279,3,ct,16,48
P033,C006578,T094169,I00141,S00512,7,ct,18,126
P014,C002672,T033654,I00024,S00371,5,cans,16.25,81.25
P020,C006701,T078795,I00193,S00493,10,ct,18,180
P024,C005152,T098111,I00063,S00709,5,cans,40,200
P018,C001720,T055754,I00226,S0085,4,lb,15,60
P037,C006757,T041781,I00102,S00392,10,tubs,16,160
P013,C004274,T073065,I00068,S00309,1,bottles,20,20
P030,C000869,T024299,I00103,S00634,7,tubs,15,105
P015,C007319,T011112,I00013,S00272,11,cans,6.75,74.25
P025,C008171,T080676,I00114,S00592,3,ct,44,132
P001,C001278,T063772,I00108,S00128,11,oz,15,165
P010,C007272,T031469,I00142,S00344,9,ct,12.5,112.5
P031,C000821,T033931,I00104,S0017,5,ct,14,70
P023,C001332,T05979,I00183,S00431,10,ct,35,350
P026,C003410,T044675,I00120,S00188,4,ct,9,36
P012,C005453,T090694,I00141,S00546,4,ct,18,72
P035,C004840,T071290,I00113,S0075,7,ct,42,294
P036,C000308,T019349,I00015,S00532,11,cans,6.75,74.25
P021,C006171,T038745,I00024,S00351,2,cans,16.25,32.5
P004,C000624,T013797,I00225,S00184,6,ct,17,102
P018,C001232,T027823,I00030,S00291,2,cans,16,32
P039,C006164,T089465,I00245,S00121,5,rolls,26,130
P017,C007612,T062563,I00247,S00708,3,oz,15,45
P008,C008768,T042661,I00102,S00243,7,tubs,16,112
P001,C006811,T059551,I00062,S00230,4,cans,37,148
P012,C003139,T057738,I00164,S00343,8,ct,16,128
P018,C007079,T091659,I00169,S00582,11,ct,17,187
P009,C004632,T046946,I00124,S00684,11,ct,15,165
P015,C007752,T05232,I00259,S00324,4,pack,26,104
P015,C001501,T074523,I00226,S00109,5,lb,15,75
P007,C000339,T089384,I00089,S00611,10,bottles,9,90
P007,C005675,T080151,I00202,S00223,4,ct.,12,48
P037,C005584,T068963,I00049,S00412,7,cans,8,56
P025,C007097,T034021,I00052,S00703,11,cans,40,440
P023,C001350,T050819,I00144,S00275,10,ct,20,200
P037,C008892,T056778,I00029,S00401,1,cans,11.5,11.5
P015,C003035,T089712,I00085,S00670,7,bottles,18,126
P016,C005881,T060602,I00172,S00683,11,oz,19,209
P033,C006570,T060616,I00164,S00381,6,ct,16,96
P001,C003225,T037570,I00253,S00579,11,bags,21,231
P025,C008021,T070924,I00219,S00153,8,ct,22,176
P023,C006300,T057235,I00163,S00381,1,bags,15,15
P029,C001717,T035860,I00058,S00389,1,bottles,22,22
P010,C000909,T05183,I00224,S00441,6,oz,11,66
P038,C003203,T014409,I00223,S00506,8,ct,13.5,108
P014,C002318,T093603,I00140,S00658,11,ct,29,319
P039,C000423,T099897,I00005,S00431,2,cans,6.75,13.5
P006,C001844,T043263,I00086,S0050,8,cans,18,144
P024,C008487,T028596,I00250,S00324,5,pack,19.5,97.5
P033,C007961,T099969,I00247,S00319,8,oz,15,120
P021,C005519,T044024,I00056,S00174,11,bottles,24,264
P029,C004087,T04694,I00227,S00249,11,pk,15,165
P005,C007815,T063974,I00134,S00243,8,ct,16,128
P008,C000165,T059210,I00199,S00609,7,ct,15,105
P015,C002138,T077435,I00218,S00627,7,ct,6,42
P008,C007964,T092124,I00151,S00186,9,bags,17,153
P031,C005652,T014293,I00092,S00226,9,bottles,10,90
P034,C007805,T015970,I00053,S00441,2,cans,40,80
P017,C008188,T023572,I00050,S00182,9,cans,8,72
P027,C004819,T083826,I00211,S00491,6,ct.,15,90
P005,C008266,T042534,I00144,S00240,3,ct,20,60
P014,C000181,T083454,I00060,S00149,5,bottles,22,110
P008,C005720,T038678,I00110,S00360,6,oz,22.5,135
P002,C006639,T053791,I00100,S00726,6,oz.,10,60
P005,C002044,T016705,I00136,S00391,11,ct,19.5,214.5
P013,C007497,T039613,I00206,S00139,1,ct,15,15
P004,C005866,T076443,I00098,S00212,11,oz,10,110
P006,C006396,T066666,I00226,S00282,11,lb,15,165
P017,C006382,T079292,I00203,S00595,8,ct,18,144
P002,C005939,T045801,I00255,S00117,5,pack,20,100
P022,C002336,T074754,I00092,S00316,1,bottles,10,10
P008,C000545,T044786,I00224,S00351,7,oz,11,77
P021,C000540,T064584,I00021,S00194,5,cans,6.75,33.75
P013,C004909,T046743,I00077,S00645,8,cans,6.75,54
P017,C002137,T050144,I00212,S00411,11,ct,12,132
P024,C003582,T026723,I00146,S00388,7,ct,21,147
P019,C004005,T073073,I00055,S00164,8,cans,40,320
P031,C003254,T054713,I00151,S00563,8,bags,17,136
P006,C000176,T063831,I00114,S00598,2,ct,44,88
P004,C009190,T022409,I00067,S00440,5,bottles,8,40
P028,C004741,T060534,I00149,S00152,9,ct,15,135
P029,C001457,T030681,I00023,S0028,5,cans,6.75,33.75
P018,C007901,T036938,I00220,S00215,2,ct,14,28
P035,C001816,T080710,I00069,S00203,4,bottles,17.5,70
P019,C000862,T033422,I00249,S0057,4,pack,16,64
P009,C007406,T066381,I00125,S00338,8,ct,15,120
P012,C006561,T056485,I00075,S00195,3,cans,15.5,46.5
P026,C008661,T045977,I00067,S0023,3,bottles,8,24
P013,C000881,T044604,I00145,S0054,10,ct,17,170
P028,C005058,T067870,I00133,S00397,10,ct,15,150
P009,C005078,T069039,I00153,S00634,4,bags,15,60
P011,C006988,T02631,I00252,S00579,6,ct,11,66
P033,C005421,T01302,I00207,S00286,1,ct,14,14
P035,C009102,T050672,I00048,S00277,4,cans,8,32
P009,C000976,T020286,I00208,S00173,8,ct,14,112
P007,C003434,T086899,I00011,S0037,3,cans,6.75,20.25
P030,C001653,T053668,I00158,S00327,1,,17,17
P020,C006996,T099461,I00026,S00320,7,cans,6.75,47.25
P023,C007063,T090647,I00154,S00230,7,Bags,15,105
P001,C002624,T046497,I00063,S00493,11,cans,40,440
P028,C001874,T075988,I00209,S00585,11,ct,13,143
P009,C002851,T070760,I00077,S00591,10,cans,6.75,67.5
P016,C003260,T092522,I00065,S00476,10,bottles,20,200
P003,C005786,T061288,I00211,S00277,4,ct.,15,60
P010,C002958,T023638,I00243,S00561,4,oz,16,64
P024,C000497,T029875,I00009,S00213,3,cans,16.25,48.75
P039,C007103,T036470,I00026,S00563,3,cans,6.75,20.25
P035,C000856,T050710,I00254,S00674,11,oz,13,143
P008,C003718,T078623,I00146,S00675,2,ct,21,42
P003,C008555,T09145,I00061,S00655,5,cans,55,275
P005,C004485,T088660,I00194,S00332,11,bars,23,253
P005,C008345,T042469,I00006,S00525,6,cans,16.25,97.5
P008,C008999,T044369,I00215,S00281,3,ct.,14,42
P005,C007101,T077876,I00181,S00121,5,ct,26,130
P034,C009113,T090721,I00036,S00250,5,cans,16,80
P007,C007343,T053885,I00217,S00186,4,oz,20.5,82
P001,C005110,T061665,I00148,S00243,8,ct,15,120
P038,C005222,T063291,I00234,S00348,6,ct,13,78
P017,C006733,T044352,I00178,S00458,9,ct,26,234
P001,C007105,T085209,I00018,S00682,7,cans,6.75,47.25
P039,C008009,T012056,I00208,S0023,9,ct,14,126
P012,C006122,T078365,I00162,S0031,8,Bags,16,128
P001,C004477,T084209,I00058,S0090,7,bottles,22,154
P028,C008910,T030742,I00064,S00392,4,cans,40,160
P035,C002244,T077328,I00140,S00432,2,ct,29,58
P023,C004829,T06630,I00215,S00710,3,ct.,14,42
P030,C003519,T071952,I00214,S00595,10,oz,19.5,195
P031,C003486,T088152,I00052,S00104,11,cans,40,440
P007,C002238,T028420,I00181,S00162,7,ct,26,182
P015,C002905,T049666,I00074,S00415,8,bottles,20,160
P008,C000662,T014946,I00185,S00216,9,ct,14,126
P039,C004563,T089441,I00138,S00515,3,ct,32,96
P003,C008136,T048913,I00190,S00331,4,ct,16,64
P001,C005345,T046359,I00117,S00690,1,ct,46,46
P032,C001581,T01327,I00047,S00636,6,cans,8,48
P027,C003430,T048593,I00139,S00560,9,ct,24,216
P037,C003069,T054261,I00131,S00722,11,ct,14,154
P039,C005155,T037158,I00055,S0028,3,cans,40,120
P002,C001500,T089177,I00051,S00312,7,cans,23,161
P013,C008667,T050366,I00002,S00429,10,cans,6.75,67.5
P038,C006351,T070393,I00027,S00419,8,cans,16.25,130
P021,C004102,T03121,I00085,S00218,5,bottles,18,90
P013,C007664,T066869,I00140,S00255,7,ct,29,203
P017,C007293,T072748,I00025,S00722,9,cans,11.5,103.5
P018,C001095,T083957,I00039,S00164,10,bottles,26,260
P019,C004985,T033333,I00086,S00172,5,cans,18,90
P025,C005107,T092118,I00004,S00153,8,cans,6.75,54
P014,C007256,T058485,I00159,S00635,4,bags,17,68
P019,C005770,T050025,I00226,S00674,3,lb,15,45
P003,C005111,T056556,I00023,S00649,6,cans,6.75,40.5
P012,C004900,T077775,I00136,S00324,5,ct,19.5,97.5
P015,C007152,T075701,I00013,S00157,7,cans,6.75,47.25
P005,C001914,T064614,I00122,S00274,10,ct,15,150
P023,C001911,T060777,I00186,S00438,10,ct,13,130
P026,C000851,T039512,I00236,S00183,6,tins,12,72
P025,C004489,T07739,I00163,S00210,1,bags,15,15
P004,C003496,T055084,I00135,S00544,4,ct.,14,56
P016,C001470,T043807,I00233,S00594,11,ct,12,132
P002,C001533,T010488,I00096,S00553,9,bottles,20,180
P033,C000872,T09436,I00143,S00340,7,ct,16,112
P018,C006269,T098613,I00101,S00418,8,tubs,15,120
P013,C008861,T036513,I00158,S00280,9,,17,153
P001,C002250,T024566,I00139,S0054,4,ct,24,96
P035,C003457,T09496,I00226,S00247,8,lb,15,120
P019,C001654,T064062,I00090,S00121,5,bottles,9,45
P022,C000225,T059289,I00053,S00614,2,cans,40,80
P030,C007837,T012803,I00222,S00265,6,ct,12,72
P016,C002928,T083400,I00068,S0014,6,bottles,20,120
P013,C005340,T067924,I00189,S00168,5,ct.,13,65
P001,C002993,T023419,I00086,S00144,2,cans,18,36
P023,C007592,T07056,I00150,S0020,5,bags,16,80
P010,C007746,T070198,I00009,S00379,11,cans,16.25,178.75
P029,C005610,T030718,I00029,S0012,7,cans,11.5,80.5
P030,C003414,T019188,I00218,S00176,1,ct,6,6
P009,C002706,T083262,I00166,S00193,5,bags,17,85
P039,C007013,T098609,I00075,S00255,9,cans,15.5,139.5
P033,C007170,T086214,I00065,S00664,10,bottles,20,200
P024,C003365,T069478,I00176,S00255,3,ct,19,57
P003,C003314,T04209,I00093,S00332,4,bottles,13,52
P030,C006696,T033614,I00199,S00167,7,ct,15,105
P017,C000876,T085378,I00213,S00504,10,ct,12,120
P020,C008822,T068466,I00259,S00723,6,pack,26,156
P035,C005808,T023984,I00246,S00427,11,ct,20,220
P025,C004215,T046086,I00086,S0024,4,cans,18,72
P027,C006602,T034557,I00121,S00565,3,ct,17,51
P007,C008841,T053713,I00013,S00659,6,cans,6.75,40.5
P032,C001727,T027625,I00130,S00259,6,ct,14,84
P017,C003804,T063688,I00087,S00678,11,bottles,15,165
P027,C002182,T044923,I00097,S00469,6,cartons,19,114
P026,C000236,T02246,I00001,S00432,2,cans,11.5,23
P007,C009138,T032941,I00098,S00170,11,oz,10,110
P033,C004787,T015643,I00202,S00304,2,ct.,12,24
P032,C003109,T040680,I00049,S00389,1,cans,8,8
P015,C001174,T092732,I00096,S00385,7,bottles,20,140
P012,C003242,T039552,I00140,S00409,11,ct,29,319
P039,C006278,T039400,I00068,S00144,5,bottles,20,100
P006,C000346,T062687,I00149,S00640,2,ct,15,30
P037,C006691,T039685,I00160,S00669,11,bags,17,187
P035,C004265,T054118,I00209,S00429,3,ct,13,39
P017,C007656,T036948,I00159,S00117,8,bags,17,136
P026,C007097,T088495,I00040,S00682,10,bottles,22,220
P020,C006962,T021250,I00124,S00432,1,ct,15,15
P024,C004966,T090532,I00260,S00643,4,ct,15,60
P018,C002326,T070751,I00159,S00166,6,bags,17,102
P014,C002774,T089467,I00220,S00628,4,ct,14,56
P001,C008470,T067416,I00143,S00466,6,ct,16,96
P024,C008295,T041631,I00127,S00106,10,pk,12.5,125
P023,C008779,T086589,I00090,S00187,9,bottles,9,81
P023,C001407,T097755,I00020,S00245,4,cans,6.75,27
P019,C004773,T093713,I00114,S00258,7,ct,44,308
P011,C007467,T075372,I00223,S00136,7,ct,13.5,94.5
P014,C008383,T025440,I00177,S00372,1,ct,35,35
P006,C002145,T026781,I00134,S00520,1,ct,16,16
P023,C005116,T022356,I00171,S0030,11,ct,16,176
P030,C000871,T025142,I00022,S00427,11,cans,16.25,178.75
P002,C001138,T040707,I00220,S00584,4,ct,14,56
P001,C000624,T08394,I00189,S00139,6,ct.,13,78
P022,C001968,T081099,I00188,S00341,2,ct,14,28
P027,C003966,T046821,I00198,S00158,5,ct,12,60
P028,C003492,T095692,I00013,S0069,6,cans,6.75,40.5
P036,C009170,T048502,I00203,S00354,8,ct,18,144
P010,C001199,T095799,I00100,S00721,5,oz.,10,50
P015,C005824,T06764,I00189,S00117,8,ct.,13,104
P024,C005102,T07508,I00137,S00273,7,ct,24,168
P011,C009093,T015916,I00217,S00658,9,oz,20.5,184.5
P026,C003890,T055440,I00005,S00225,7,cans,6.75,47.25
P028,C003363,T038990,I00102,S00226,2,tubs,16,32
P006,C007403,T076252,I00205,S0075,5,ct,16,80
P037,C004066,T077929,I00191,S00540,4,bars,24,96
P039,C007730,T082385,I00122,S00343,3,ct,15,45
P019,C007188,T04650,I00244,S00301,2,oz,18,36
P036,C006066,T023488,I00249,S0042,10,pack,16,160
P005,C009010,T079814,I00016,S00576,6,cans,16.25,97.5
P009,C005292,T060631,I00063,S00282,11,cans,40,440
P005,C006295,T069953,I00217,S00218,5,oz,20.5,102.5
P039,C000962,T030688,I00056,S00537,4,bottles,24,96
P017,C001594,T095107,I00080,S00384,1,bottles,22,22
P014,C005617,T02721,I00087,S00520,10,bottles,15,150
P031,C008792,T01301,I00078,S00341,7,bottles,17,119
P001,C001424,T090160,I00074,S00176,9,bottles,20,180
P029,C002259,T093969,I00140,S00544,9,ct,29,261
P024,C006033,T05246,I00157,S00368,11,bags,17,187
P025,C001992,T085849,I00080,S00164,2,bottles,22,44
P035,C002594,T032815,I00112,S00425,5,ct.,14,70
P026,C002706,T011219,I00089,S00265,3,bottles,9,27
P004,C006243,T026101,I00039,S00520,8,bottles,26,208
P037,C007579,T00487,I00211,S00148,8,ct.,15,120
P020,C005458,T063836,I00092,S00405,9,bottles,10,90
P034,C003331,T031829,I00255,S00673,9,pack,20,180
P013,C006899,T097155,I00175,S00173,11,oz,19,209
P006,C001222,T026625,I00259,S00455,11,pack,26,286
P031,C007203,T070218,I00162,S00536,9,Bags,16,144
P027,C006102,T083162,I00015,S00643,11,cans,6.75,74.25
P024,C007845,T015735,I00044,S00623,4,cans,8,32
P028,C007201,T070705,I00234,S00335,1,ct,13,13
P021,C008195,T056434,I00260,S00692,10,ct,15,150
P010,C006430,T023017,I00111,S00580,7,ct,16,112
P016,C001014,T043418,I00065,S00550,2,bottles,20,40
P023,C002548,T097000,I00109,S0078,8,oz,17,136
P033,C004793,T094350,I00197,S00108,7,bars,15,105
P032,C002874,T072448,I00075,S00585,2,cans,15.5,31
P030,C001153,T032262,I00129,S00139,10,pk,18,180
P016,C008451,T057310,I00038,S00592,10,bottles,23,230
P016,C000623,T039888,I00023,S00279,11,cans,6.75,74.25
P026,C004826,T027974,I00132,S00623,4,ct,14,56
P012,C007498,T01338,I00241,S0032,1,ct,12,12
P035,C008431,T098133,I00100,S00637,9,oz.,10,90
P026,C001719,T090073,I00215,S00268,1,ct.,14,14
P013,C006759,T01284,I00211,S00121,2,ct.,15,30
P025,C000530,T080683,I00147,S00631,4,ct,15,60
P034,C002830,T04186,I00241,S00194,6,ct,12,72
P011,C005986,T022265,I00180,S00230,6,ct,19,114
P009,C003632,T083564,I00122,S00157,10,ct,15,150
P003,C006621,T023554,I00262,S00299,11,ct,14,154
P024,C006666,T022426,I00177,S00708,10,ct,35,350
P009,C002021,T097388,I00041,S00173,7,bottles,23,161
P039,C001679,T062075,I00226,S00252,2,lb,15,30
P031,C004605,T036606,I00036,S0018,5,cans,16,80
P020,C008938,T023031,I00214,S00362,11,oz,19.5,214.5
P017,C008773,T051129,I00237,S00649,11,ct,16,176
P016,C007444,T060792,I00052,S00559,4,cans,40,160
P039,C001988,T087803,I00024,S00460,1,cans,16.25,16.25
P016,C006812,T022526,I00133,S00566,2,ct,15,30
P014,C005182,T024047,I00044,S0069,7,cans,8,56
P005,C004441,T052740,I00167,S00155,7,ct,14,98
P010,C000976,T091201,I00219,S00142,4,ct,22,88
P003,C005241,T069750,I00159,S00692,9,bags,17,153
P013,C002981,T069504,I00226,S00353,7,lb,15,105
P015,C008578,T086682,I00085,S00545,3,bottles,18,54
P021,C004213,T062986,I00011,S00596,2,cans,6.75,13.5
P024,C005800,T016845,I00210,S00323,2,ct,15,30
P025,C005679,T080218,I00145,S00417,1,ct,17,17
P006,C005970,T070204,I00029,S00603,8,cans,11.5,92
P017,C006908,T04323,I00160,S00438,2,bags,17,34
P019,C001898,T027365,I00208,S00544,5,ct,14,70
P014,C004428,T067506,I00094,S0059,5,bottles,11,55
P010,C003224,T081788,I00128,S00504,11,pk,16,176
P007,C004073,T01736,I00020,S00279,1,cans,6.75,6.75
P010,C008559,T045131,I00134,S00409,8,ct,16,128
P030,C005331,T095706,I00038,S00421,7,bottles,23,161
P008,C002443,T087544,I00222,S00112,9,ct,12,108
P016,C003224,T026632,I00058,S00474,2,bottles,22,44
P006,C008695,T095756,I00175,S00298,3,oz,19,57
P019,C001276,T011965,I00218,S00404,4,ct,6,24
P022,C009177,T032814,I00155,S00229,5,bags,17,85
P038,C006929,T056425,I00055,S0061,2,cans,40,80
P017,C002530,T024451,I00048,S00609,11,cans,8,88
P027,C005522,T073149,I00021,S00485,4,cans,6.75,27
P022,C000714,T026905,I00225,S00195,6,ct,17,102
P035,C005232,T055561,I00094,S00286,4,bottles,11,44
P036,C002978,T056352,I00246,S00144,11,ct,20,220
P015,C000642,T034551,I00264,S00636,4,Ct,15,60
P033,C002776,T052895,I00127,S00720,3,pk,12.5,37.5
P011,C008913,T052349,I00251,S00301,5,oz,13,65
P035,C000136,T015655,I00197,S00510,10,bars,15,150
P034,C001294,T067038,I00201,S00702,1,bars,23,23
P001,C005377,T090855,I00229,S00680,10,ct,13,130
P027,C004245,T01379,I00235,S00205,6,ct,14,84
P026,C006868,T058281,I00051,S00309,10,cans,23,230
P030,C001013,T063937,I00171,S00319,11,ct,16,176
P001,C007124,T093788,I00238,S00229,8,ct,12,96
P007,C004925,T072264,I00144,S00585,5,ct,20,100
P001,C003576,T074363,I00130,S00135,11,ct,14,154
P023,C007093,T092299,I00150,S00694,8,bags,16,128
P026,C008554,T022343,I00020,S0065,11,cans,6.75,74.25
P023,C007299,T02521,I00264,S00217,4,Ct,15,60
P026,C003455,T028681,I00017,S00169,6,cans,6.75,40.5
P021,C001011,T070920,I00125,S00297,10,ct,15,150
P037,C003904,T075387,I00053,S00351,2,cans,40,80
P035,C007583,T06531,I00019,S00468,9,cans,6.75,60.75
P037,C004529,T096799,I00262,S00331,8,ct,14,112
P038,C008755,T032367,I00127,S00661,4,pk,12.5,50
P031,C003764,T053944,I00070,S0020,4,bottles,17.5,70
P016,C005257,T073740,I00127,S00581,9,pk,12.5,112.5
P022,C001498,T082847,I00175,S00701,1,oz,19,19
P001,C004065,T020886,I00108,S00575,7,oz,15,105
P004,C000617,T091677,I00009,S00670,4,cans,16.25,65
P003,C002387,T033243,I00003,S00392,10,cans,6.75,67.5
P025,C005481,T092644,I00130,S00643,9,ct,14,126
P007,C008444,T058667,I00180,S00274,9,ct,19,171
P025,C002989,T07590,I00060,S00343,9,bottles,22,198
P009,C007874,T098593,I00096,S00181,10,bottles,20,200
P029,C000373,T010066,I00056,S00563,8,bottles,24,192
P034,C007943,T099165,I00224,S0020,6,oz,11,66
P035,C003824,T051300,I00069,S0075,6,bottles,17.5,105
P012,C007867,T059906,I00045,S00284,3,cans,8,24
P007,C005929,T092549,I00051,S00426,5,cans,23,115
P013,C001981,T049483,I00013,S00435,5,cans,6.75,33.75
P005,C000909,T029866,I00025,S00573,7,cans,11.5,80.5
P008,C007804,T03492,I00145,S0047,2,ct,17,34
P013,C000249,T089623,I00160,S00335,4,bags,17,68
P038,C004505,T067590,I00050,S00558,4,cans,8,32
P005,C002658,T012331,I00118,S00231,8,ct,42,336
P039,C002117,T079089,I00116,S00347,1,ct,48,48
P036,C005498,T024260,I00246,S00345,3,ct,20,60
P025,C002888,T084972,I00066,S00217,4,bottles,20,80
P002,C008942,T044060,I00094,S00143,3,bottles,11,33
P030,C001903,T077157,I00067,S00316,6,bottles,8,48
P039,C001806,T010749,I00076,S00236,7,cans,6.75,47.25
P037,C008932,T072044,I00252,S00620,6,ct,11,66
P034,C004957,T04386,I00263,S00668,2,Ct,14,28
P027,C005957,T024676,I00240,S00485,4,ct,14,56
P012,C004635,T033955,I00122,S00313,9,ct,15,135
P034,C006092,T013326,I00226,S00555,5,lb,15,75
P011,C008199,T037989,I00171,S00309,10,ct,16,160
P026,C004300,T030084,I00116,S0055,5,ct,48,240
P002,C001001,T054739,I00157,S00368,5,bags,17,85
P008,C004378,T034418,I00139,S00125,5,ct,24,120
P035,C007730,T089887,I00113,S00547,7,ct,42,294
P015,C002335,T017469,I00087,S00191,5,bottles,15,75
P022,C003627,T08219,I00115,S00347,1,ct,53,53
P014,C008620,T079302,I00072,S00131,10,bottles,20,200
P033,C004220,T032716,I00125,S00441,10,ct,15,150
P039,C007955,T06183,I00171,S00704,4,ct,16,64
P009,C009104,T062512,I00001,S00661,4,cans,11.5,46
P017,C004959,T076090,I00215,S0049,5,ct.,14,70
P022,C004971,T044469,I00145,S00491,11,ct,17,187
P011,C000470,T070430,I00093,S0001,11,bottles,13,143
P010,C002079,T03209,I00120,S00308,6,ct,9,54
P035,C003344,T084680,I00253,S00714,1,bags,21,21
P035,C002573,T036039,I00136,S00349,3,ct,19.5,58.5
P008,C008678,T086797,I00167,S00269,9,ct,14,126
P007,C002505,T028536,I00261,S00635,9,ct,33,297
P031,C007934,T019150,I00211,S00448,11,ct.,15,165
P019,C000767,T06823,I00178,S00506,2,ct,26,52
P009,C007706,T071503,I00021,S00487,9,cans,6.75,60.75
P001,C000237,T066656,I00249,S00576,8,pack,16,128
P019,C006546,T082727,I00260,S00369,9,ct,15,135
P020,C002059,T032598,I00014,S00110,7,cans,6.75,47.25
P035,C005454,T046293,I00233,S00715,4,ct,12,48
P008,C007650,T07955,I00037,S00720,4,cans,16,64
P021,C004494,T029971,I00166,S00539,11,bags,17,187
P011,C000701,T018597,I00085,S00679,11,bottles,18,198
P031,C006172,T031137,I00225,S00457,6,ct,17,102
P027,C008240,T090497,I00005,S00372,9,cans,6.75,60.75
P013,C000579,T068795,I00175,S00614,1,oz,19,19
P027,C005258,T013671,I00058,S0084,9,bottles,22,198
P005,C002854,T096291,I00055,S0002,6,cans,40,240
P004,C006360,T012316,I00040,S00512,10,bottles,22,220
P019,C000529,T027244,I00208,S00115,8,ct,14,112
P026,C005114,T012561,I00226,S0003,8,lb,15,120
P029,C008042,T031176,I00248,S00480,6,rolls,26,156
P024,C001327,T037114,I00033,S00108,2,cans,16,32
P027,C005091,T099067,I00154,S00485,3,Bags,15,45
P016,C001649,T014077,I00206,S0003,9,ct,15,135
P027,C004173,T039188,I00241,S00525,3,ct,12,36
P031,C005285,T049682,I00206,S00164,5,ct,15,75
P028,C004135,T022324,I00117,S00169,8,ct,46,368
P034,C000745,T034506,I00152,S00580,5,bags,15,75
P007,C002338,T043977,I00025,S00525,4,cans,11.5,46
P016,C007587,T087437,I00196,S0047,6,ct,16,96
P012,C000105,T078329,I00188,S00275,10,ct,14,140
P018,C002378,T08623,I00029,S00356,10,cans,11.5,115
P030,C004136,T079132,I00256,S00274,6,pack,20,120
P008,C002478,T040087,I00216,S00182,8,ct,16.5,132
P035,C004748,T08165,I00088,S00361,6,bottles,17,102
P028,C005535,T076825,I00154,S0099,10,Bags,15,150
P035,C001651,T06494,I00179,S0021,3,ct,19,57
P031,C005660,T04418,I00012,S00355,3,cans,16.25,48.75
P038,C008964,T044866,I00231,S00193,1,pk,16,16
P007,C007319,T029669,I00202,S00651,9,ct.,12,108
P020,C002441,T013517,I00091,S00614,11,bottles,7.5,82.5
P030,C003811,T078331,I00206,S0056,2,ct,15,30
P014,C001265,T052189,I00081,S00182,5,bottles,29,145
P011,C007389,T037370,I00245,S00371,10,rolls,26,260
P029,C006226,T092927,I00094,S00377,8,bottles,11,88
P002,C006590,T041416,I00162,S00696,7,Bags,16,112
P018,C005258,T015738,I00052,S0091,10,cans,40,400
P031,C001819,T090179,I00254,S00605,10,oz,13,130
P012,C009116,T097125,I00039,S00312,10,bottles,26,260
P007,C007656,T040668,I00122,S00712,9,ct,15,135
P003,C004235,T055270,I00237,S00130,11,ct,16,176
P019,C002464,T093602,I00027,S00538,5,cans,16.25,81.25
P022,C004198,T014114,I00015,S00280,4,cans,6.75,27
P025,C008311,T066277,I00254,S00179,10,oz,13,130
P019,C004217,T096922,I00219,S00295,9,ct,22,198
P019,C001628,T029749,I00256,S00266,4,pack,20,80
P039,C003569,T070633,I00102,S0037,8,tubs,16,128
P017,C004133,T052023,I00159,S0017,7,bags,17,119
P010,C001751,T091589,I00036,S00668,4,cans,16,64
P016,C006230,T044541,I00171,S00279,1,ct,16,16
P034,C006331,T021271,I00250,S00515,2,pack,19.5,39
P030,C001643,T094323,I00232,S00150,2,ct,12,24
P001,C001218,T078307,I00259,S00192,5,pack,26,130
P037,C008246,T029335,I00069,S00346,8,bottles,17.5,140
P015,C004618,T015463,I00005,S0046,2,cans,6.75,13.5
P030,C005899,T098806,I00047,S0005,1,cans,8,8
P030,C007520,T070576,I00003,S00335,7,cans,6.75,47.25
P031,C003361,T085249,I00019,S0059,7,cans,6.75,47.25
P024,C004307,T040370,I00115,S00621,7,ct,53,371
P028,C000091,T018364,I00224,S00163,10,oz,11,110
P035,C008392,T053610,I00078,S00170,5,bottles,17,85
P028,C000394,T089764,I00012,S0094,9,cans,16.25,146.25
P014,C003906,T088849,I00233,S00366,2,ct,12,24
P004,C009152,T092264,I00037,S00642,10,cans,16,160
P026,C003354,T018822,I00185,S00223,8,ct,14,112
P026,C003475,T044073,I00065,S00534,11,bottles,20,220
P020,C001330,T097830,I00258,S00584,9,pk,21,189
P010,C006350,T049657,I00206,S00187,9,ct,15,135
P035,C003993,T07121,I00244,S00424,4,oz,18,72
P001,C005513,T070978,I00135,S00273,3,ct.,14,42
P004,C005305,T033808,I00135,S00264,8,ct.,14,112
P023,C005167,T054074,I00069,S00621,10,bottles,17.5,175
P037,C000552,T075331,I00136,S00373,3,ct,19.5,58.5
P011,C002874,T013716,I00167,S00285,4,ct,14,56
P015,C004789,T013574,I00027,S00103,8,cans,16.25,130
P001,C008978,T01259,I00003,S00215,10,cans,6.75,67.5
P010,C003055,T00903,I00234,S00193,7,ct,13,91
P011,C003942,T059296,I00123,S00652,11,ct,45,495
P022,C001854,T086245,I00065,S00179,8,bottles,20,160
P018,C001195,T047288,I00017,S0099,3,cans,6.75,20.25
P038,C002618,T012255,I00059,S00686,8,bottles,22,176
P016,C001370,T016877,I00203,S00338,10,ct,18,180
P027,C006573,T067947,I00071,S00543,2,bottles,17.5,35
P032,C002494,T058469,I00260,S00395,3,ct,15,45
P035,C003721,T050018,I00005,S00409,4,cans,6.75,27
P034,C008873,T097782,I00257,S00205,3,ct,21,63
P035,C004560,T050928,I00212,S00198,11,ct,12,132
P006,C004745,T090471,I00240,S00596,8,ct,14,112
P011,C002176,T083736,I00090,S00373,1,bottles,9,9
P002,C003158,T050350,I00162,S00472,11,Bags,16,176
P007,C002618,T031790,I00207,S00699,7,ct,14,98
P029,C000619,T098209,I00106,S00292,7,oz,17,119
P034,C005296,T025180,I00092,S00359,6,bottles,10,60
P039,C002701,T010195,I00232,S0015,2,ct,12,24
P020,C000135,T097330,I00254,S00569,5,oz,13,65
P029,C005386,T031418,I00072,S0086,1,bottles,20,20
P006,C005083,T034304,I00159,S00380,8,bags,17,136
P035,C002583,T019400,I00198,S00688,4,ct,12,48
P017,C001565,T017962,I00088,S00402,4,bottles,17,68
P025,C007978,T048848,I00191,S00540,3,bars,24,72
P011,C004296,T03344,I00068,S00598,3,bottles,20,60
P002,C001764,T069604,I00115,S00717,4,ct,53,212
P038,C000794,T056526,I00167,S00514,11,ct,14,154
P014,C007344,T021126,I00261,S00612,7,ct,33,231
P019,C008947,T077701,I00040,S00110,1,bottles,22,22
P028,C003095,T027342,I00170,S00689,8,ct.,15,120
P015,C008789,T06491,I00028,S00597,9,cans,6.75,60.75
P021,C004147,T021171,I00212,S00698,9,ct,12,108
P030,C004251,T09418,I00048,S0038,8,cans,8,64
P012,C005492,T083269,I00125,S00426,2,ct,15,30
P012,C006354,T014003,I00116,S00190,6,ct,48,288
P037,C009043,T014825,I00149,S00290,5,ct,15,75
P028,C004947,T095068,I00094,S00537,9,bottles,11,99
P025,C002319,T087204,I00147,S00542,7,ct,15,105
P028,C001060,T010757,I00077,S00452,5,cans,6.75,33.75
P024,C000595,T054532,I00237,S0028,3,ct,16,48
P004,C006169,T05470,I00125,S00321,3,ct,15,45
P024,C002191,T034238,I00002,S00179,9,cans,6.75,60.75
P001,C001115,T031849,I00029,S00577,10,cans,11.5,115
P024,C001475,T065317,I00220,S00592,3,ct,14,42
P017,C003896,T018185,I00013,S00692,10,cans,6.75,67.5
P009,C006144,T096795,I00194,S00620,1,bars,23,23
P015,C001518,T013369,I00216,S0088,8,ct,16.5,132
P014,C003292,T043966,I00046,S00237,8,cans,8,64
P035,C002647,T025145,I00061,S00177,7,cans,55,385
P004,C006687,T037220,I00187,S00304,4,ct.,13,52
P015,C001555,T063762,I00172,S00624,5,oz,19,95
P028,C001074,T090966,I00009,S00539,4,cans,16.25,65
P001,C005768,T074784,I00075,S00224,8,cans,15.5,124
P037,C006831,T073383,I00199,S00142,2,ct,15,30
P012,C004109,T04159,I00233,S00705,3,ct,12,36
P026,C006917,T00581,I00120,S00717,2,ct,9,18
P019,C005017,T032226,I00186,S00670,5,ct,13,65
P025,C007184,T063356,I00048,S00168,1,cans,8,8
P029,C007705,T048526,I00125,S00521,7,ct,15,105
P031,C006326,T095292,I00172,S00247,6,oz,19,114
P036,C008771,T033643,I00137,S00478,3,ct,24,72
P018,C000280,T087750,I00208,S00227,8,ct,14,112
P028,C006135,T026361,I00208,S00149,10,ct,14,140
P018,C008248,T03558,I00237,S00240,3,ct,16,48
P031,C001485,T030738,I00040,S00101,6,bottles,22,132
P004,C000928,T030246,I00068,S00598,2,bottles,20,40
P018,C004883,T00544,I00254,S00209,6,oz,13,78
P033,C002026,T035823,I00097,S00106,3,cartons,19,57
P020,C003953,T061291,I00008,S00377,6,cans,16.25,97.5
P025,C003780,T091346,I00071,S0059,6,bottles,17.5,105
P015,C007429,T036487,I00058,S00219,8,bottles,22,176
P026,C004045,T019228,I00124,S00121,6,ct,15,90
P019,C008743,T040983,I00044,S00702,8,cans,8,64
P001,C008199,T028362,I00128,S00612,5,pk,16,80
P011,C009157,T011861,I00209,S00504,6,ct,13,78
P004,C005009,T027718,I00101,S00188,1,tubs,15,15
P018,C002691,T015783,I00052,S00292,10,cans,40,400
P027,C003575,T08580,I00001,S00479,2,cans,11.5,23
P013,C002726,T016804,I00201,S00359,1,bars,23,23
P028,C007975,T073588,I00055,S0021,10,cans,40,400
P023,C000563,T052490,I00214,S00401,2,oz,19.5,39
P026,C003205,T040699,I00008,S00651,10,cans,16.25,162.5
P034,C004584,T084725,I00177,S00106,2,ct,35,70
P019,C008245,T021690,I00018,S00396,3,cans,6.75,20.25
P006,C005376,T069780,I00190,S00461,5,ct,16,80
P023,C005567,T045519,I00031,S00414,5,cans,16,80
P013,C005918,T099043,I00082,S0090,5,ct,15,75
P012,C006537,T028343,I00148,S0019,2,ct,15,30
P008,C004038,T081754,I00064,S0089,5,cans,40,200
P014,C007481,T055456,I00088,S00536,4,bottles,17,68
P014,C000469,T091281,I00084,S00229,3,bottles,18,54
P026,C008805,T053333,I00229,S00425,2,ct,13,26
P027,C001382,T074310,I00211,S00701,3,ct.,15,45
P027,C000651,T09650,I00082,S00124,8,ct,15,120
P038,C002628,T032206,I00130,S00661,7,ct,14,98
P020,C005414,T075496,I00102,S00540,6,tubs,16,96
P014,C005917,T087285,I00151,S00171,3,bags,17,51
P015,C004355,T099662,I00065,S00554,4,bottles,20,80
P016,C001308,T08304,I00194,S00364,3,bars,23,69
P031,C006676,T048271,I00108,S00125,9,oz,15,135
P007,C001094,T049103,I00166,S00702,4,bags,17,68
P008,C008899,T059342,I00026,S00688,11,cans,6.75,74.25
P011,C000909,T08593,I00134,S00603,8,ct,16,128
P002,C001433,T052699,I00224,S00359,10,oz,11,110
P021,C006609,T030969,I00107,S00155,9,oz,20,180
P037,C004260,T017347,I00105,S00533,5,ct,16.5,82.5
P008,C008801,T075958,I00139,S00524,7,ct,24,168
P026,C003609,T039761,I00237,S0002,4,ct,16,64
P032,C004052,T084525,I00215,S00228,7,ct.,14,98
P012,C001368,T082926,I00142,S0083,5,ct,12.5,62.5
P034,C004223,T016690,I00141,S00402,10,ct,18,180
P015,C001258,T035263,I00251,S0084,5,oz,13,65
P031,C005853,T030185,I00261,S00545,3,ct,33,99
P017,C001998,T028447,I00166,S00115,9,bags,17,153
P005,C002260,T021097,I00131,S00475,7,ct,14,98
P029,C005680,T090792,I00118,S00680,2,ct,42,84
P039,C005863,T034939,I00230,S00441,10,pk,15,150
P001,C005412,T063482,I00131,S00142,9,ct,14,126
P018,C008449,T03837,I00264,S00551,4,Ct,15,60
P012,C002398,T073785,I00089,S00331,10,bottles,9,90
P013,C008430,T049764,I00107,S0058,6,oz,20,120
P004,C004411,T073066,I00107,S00124,3,oz,20,60
P033,C005618,T015168,I00190,S00365,9,ct,16,144
P008,C003396,T026550,I00017,S0020,8,cans,6.75,54
P039,C005581,T044534,I00156,S00248,4,bags,17,68
P016,C005124,T078472,I00197,S00624,4,bars,15,60
P005,C002796,T04320,I00196,S00692,6,ct,16,96
P022,C001025,T060630,I00005,S00707,8,cans,6.75,54
P021,C008567,T030740,I00014,S00458,4,cans,6.75,27
P007,C004593,T014653,I00243,S00108,11,oz,16,176
P032,C000699,T049759,I00258,S00314,10,pk,21,210
P018,C005027,T050586,I00147,S00222,10,ct,15,150
P035,C007764,T059965,I00100,S00594,3,oz.,10,30
P008,C002675,T04360,I00248,S00465,5,rolls,26,130
P016,C002569,T099321,I00146,S00389,6,ct,21,126
P012,C002596,T033132,I00026,S00223,3,cans,6.75,20.25
P038,C008814,T019235,I00198,S00507,10,ct,12,120
P025,C004486,T034121,I00214,S00489,10,oz,19.5,195
P031,C003136,T074518,I00133,S00217,8,ct,15,120
P007,C009189,T018002,I00222,S00445,4,ct,12,48
P015,C006063,T021211,I00180,S00682,4,ct,19,76
P015,C000465,T093574,I00153,S00110,8,bags,15,120
P017,C001061,T010140,I00009,S00208,3,cans,16.25,48.75
P010,C005894,T097670,I00056,S00223,5,bottles,24,120
P016,C000294,T081862,I00200,S0024,6,bars,20,120
P033,C004261,T035476,I00178,S0083,3,ct,26,78
P029,C001073,T050285,I00012,S00332,2,cans,16.25,32.5
P020,C003078,T018794,I00234,S0072,11,ct,13,143
P001,C008445,T094176,I00254,S00526,6,oz,13,78
P030,C001823,T023024,I00128,S00681,6,pk,16,96
P001,C004694,T024807,I00031,S00477,10,cans,16,160
P025,C002024,T017186,I00133,S00493,10,ct,15,150
P039,C008903,T039467,I00046,S00259,10,cans,8,80
P020,C002918,T011248,I00048,S00718,10,cans,8,80
P015,C007168,T091238,I00152,S00259,2,bags,15,30
P012,C001772,T087556,I00164,S00241,4,ct,16,64
P019,C005628,T037660,I00134,S00149,2,ct,16,32
P027,C002998,T019294,I00224,S00467,6,oz,11,66
P034,C006223,T028148,I00142,S00276,4,ct,12.5,50
P034,C008232,T04995,I00202,S00155,4,ct.,12,48
P038,C006880,T030846,I00099,S0001,1,oz,6,6
P037,C001423,T077591,I00249,S00390,6,pack,16,96
P021,C005047,T079406,I00087,S00268,7,bottles,15,105
P036,C002709,T05349,I00101,S00289,1,tubs,15,15
P019,C002538,T018258,I00026,S00386,8,cans,6.75,54
P038,C006028,T048856,I00171,S00241,11,ct,16,176
P034,C005115,T03379,I00107,S00262,9,oz,20,180
P018,C000181,T066900,I00002,S00586,8,cans,6.75,54
P002,C004634,T025957,I00081,S00522,5,bottles,29,145
P004,C008406,T060078,I00165,S00261,8,bags,16,128
P002,C004215,T083370,I00152,S00230,1,bags,15,15
P035,C005057,T050928,I00138,S0078,4,ct,32,128
P007,C005658,T074833,I00068,S00217,8,bottles,20,160
P002,C002205,T010015,I00085,S00172,8,bottles,18,144
P034,C007482,T041196,I00070,S00448,6,bottles,17.5,105
P012,C006311,T030008,I00138,S00130,3,ct,32,96
P019,C005954,T02766,I00058,S00266,6,bottles,22,132
P016,C009107,T097685,I00245,S00542,1,rolls,26,26
P020,C006877,T062152,I00184,S00398,7,ct,12,84
P029,C005489,T026707,I00195,S00649,7,ct,12.5,87.5
P003,C008114,T049054,I00104,S0076,1,ct,14,14
P021,C007369,T05116,I00021,S00483,1,cans,6.75,6.75
P018,C004197,T091547,I00107,S00309,2,oz,20,40
P021,C000669,T078675,I00096,S00415,2,bottles,20,40
P037,C001909,T059268,I00189,S00495,4,ct.,13,52
P013,C004426,T017927,I00118,S00657,1,ct,42,42
P039,C006108,T073052,I00230,S00585,4,pk,15,60
P039,C005366,T068772,I00023,S00495,11,cans,6.75,74.25
P023,C006312,T021213,I00138,S0097,1,ct,32,32
P015,C005338,T02103,I00102,S00616,5,tubs,16,80
P034,C002107,T045871,I00257,S00630,7,ct,21,147
P020,C001257,T079143,I00140,S00368,7,ct,29,203
P006,C005776,T061413,I00038,S00307,11,bottles,23,253
P031,C006245,T020528,I00170,S00480,7,ct.,15,105
P016,C003098,T074933,I00005,S00698,2,cans,6.75,13.5
P023,C003172,T040659,I00171,S0023,2,ct,16,32
P030,C008358,T093564,I00050,S00465,5,cans,8,40
P038,C006351,T077037,I00187,S00697,10,ct.,13,130
P019,C001055,T095688,I00028,S0096,9,cans,6.75,60.75
P009,C005968,T056051,I00062,S00271,7,cans,37,259
P018,C001349,T05047,I00260,S00242,5,ct,15,75
P019,C002939,T029625,I00219,S00424,8,ct,22,176
P026,C007387,T086661,I00120,S00166,11,ct,9,99
P017,C004906,T096229,I00149,S0085,8,ct,15,120
P025,C001439,T094204,I00036,S00331,2,cans,16,32
P033,C005372,T034452,I00045,S00395,3,cans,8,24
P035,C007228,T02547,I00028,S00262,10,cans,6.75,67.5
P003,C002094,T094435,I00049,S00177,4,cans,8,32
P001,C005636,T07283,I00073,S0062,3,bottles,20,60
P017,C007478,T074332,I00136,S00303,1,ct,19.5,19.5
P010,C008675,T044143,I00002,S00451,8,cans,6.75,54
P007,C008077,T086315,I00025,S00471,4,cans,11.5,46
P014,C004605,T08442,I00114,S00274,10,ct,44,440
P027,C007140,T044088,I00181,S00113,11,ct,26,286
P026,C004356,T081779,I00130,S00701,11,ct,14,154
